id,size,op,start_tick,end_tick,duration_s
0,1000,CPY,11832424,11833959,2.8425925925925925e-05
1,1000,CPY,13490712,13492225,2.801851851851852e-05
2,1000,CPY,15148699,15150222,2.8203703703703704e-05
3,1000,CPY,16806955,16808495,2.8518518518518517e-05
4,1000,CPY,18465038,18466554,2.8074074074074073e-05
5,1000,CPY,20123206,20124846,3.037037037037037e-05
6,1000,CPY,21781304,21783091,3.309259259259259e-05
7,1000,CPY,23439461,23441002,2.8537037037037037e-05
8,1000,CPY,25097486,25099049,2.8944444444444446e-05
9,1000,CPY,26755768,26757398,3.0185185185185186e-05
10,1000,CPY,28413892,28415474,2.9296296296296298e-05
11,1000,CPY,30071971,30073519,2.8666666666666668e-05
12,1000,CPY,31730144,31731703,2.887037037037037e-05
13,1000,CPY,33388227,33389801,2.9148148148148147e-05
14,1000,CPY,35046284,35047834,2.8703703703703703e-05
15,1000,CPY,36704322,36705899,2.9203703703703705e-05
16,1000,CPY,38362602,38364154,2.874074074074074e-05
17,1000,CPY,40020795,40022365,2.9074074074074074e-05
18,1000,CPY,41679086,41680693,2.9759259259259258e-05
19,1000,CPY,43337150,43338728,2.922222222222222e-05
20,1000,CPY,44995272,44996861,2.9425925925925925e-05
21,1000,CPY,46653365,46654949,2.9333333333333333e-05
22,1000,CPY,48311417,48312971,2.8777777777777776e-05
23,1000,CPY,49969640,49971192,2.874074074074074e-05
24,1000,CPY,51627739,51629314,2.9166666666666666e-05
25,1000,CPY,53285894,53287462,2.903703703703704e-05
26,1000,CPY,54943944,54945554,2.9814814814814815e-05
27,1000,CPY,56602465,56604064,2.961111111111111e-05
28,1000,CPY,58260466,58261977,2.798148148148148e-05
29,1000,CPY,59918657,59920220,2.8944444444444446e-05
30,1000,MOV,11830986,11832026,1.925925925925926e-05
31,1000,MOV,13489148,13490281,2.0981481481481483e-05
32,1000,MOV,15147285,15148310,1.8981481481481482e-05
33,1000,MOV,16805414,16806473,1.961111111111111e-05
34,1000,MOV,18463473,18464548,1.990740740740741e-05
35,1000,MOV,20121759,20122802,1.9314814814814814e-05
36,1000,MOV,21779819,21781203,2.562962962962963e-05
37,1000,MOV,23437883,23438945,1.9666666666666666e-05
38,1000,MOV,25095955,25096966,1.8722222222222223e-05
39,1000,MOV,26754128,26755255,2.087037037037037e-05
40,1000,MOV,28412275,28413365,2.0185185185185184e-05
41,1000,MOV,30070376,30071471,2.0277777777777776e-05
42,1000,MOV,31728486,31729510,1.8962962962962963e-05
43,1000,MOV,33386569,33387659,2.0185185185185184e-05
44,1000,MOV,35044796,35045845,1.9425925925925926e-05
45,1000,MOV,36702895,36703975,2e-05
46,1000,MOV,38361264,38362315,1.9462962962962965e-05
47,1000,MOV,40019258,40020334,1.9925925925925925e-05
48,1000,MOV,41677406,41678501,2.0277777777777776e-05
49,1000,MOV,43335539,43336639,2.037037037037037e-05
50,1000,MOV,44993684,44994805,2.075925925925926e-05
51,1000,MOV,46651849,46652919,1.9814814814814816e-05
52,1000,MOV,48309904,48311043,2.109259259259259e-05
53,1000,MOV,49968074,49969143,1.9796296296296297e-05
54,1000,MOV,51626249,51627311,1.9666666666666666e-05
55,1000,MOV,53284277,53285340,1.9685185185185185e-05
56,1000,MOV,54942455,54943788,2.4685185185185185e-05
57,1000,MOV,56600582,56601588,1.862962962962963e-05
58,1000,MOV,58258666,58259745,1.9981481481481482e-05
59,1000,MOV,59916725,59917811,2.011111111111111e-05
60,2000,CPY,12019356,12021457,3.890740740740741e-05
61,2000,CPY,13749415,13751307,3.5037037037037035e-05
62,2000,CPY,15479654,15481581,3.568518518518519e-05
63,2000,CPY,17209752,17211704,3.614814814814815e-05
64,2000,CPY,18939819,18941735,3.548148148148148e-05
65,2000,CPY,20669899,20671813,3.5444444444444445e-05
66,2000,CPY,22399954,22402062,3.903703703703704e-05
67,2000,CPY,24130071,24132065,3.692592592592593e-05
68,2000,CPY,25860153,25862148,3.694444444444445e-05
69,2000,CPY,27590315,27592252,3.587037037037037e-05
70,2000,CPY,29320473,29322460,3.6796296296296293e-05
71,2000,CPY,31050601,31052486,3.490740740740741e-05
72,2000,CPY,32780680,32782653,3.653703703703704e-05
73,2000,CPY,34510847,34512808,3.6314814814814814e-05
74,2000,CPY,36240899,36242807,3.5333333333333336e-05
75,2000,CPY,37970951,37972913,3.633333333333333e-05
76,2000,CPY,39701132,39703114,3.6703703703703704e-05
77,2000,CPY,41431426,41433335,3.535185185185185e-05
78,2000,CPY,43161510,43163484,3.655555555555556e-05
79,2000,CPY,44891521,44893503,3.6703703703703704e-05
80,2000,CPY,46621715,46623711,3.696296296296296e-05
81,2000,CPY,48351848,48353810,3.633333333333333e-05
82,2000,CPY,50082004,50083983,3.6648148148148146e-05
83,2000,CPY,51812191,51814117,3.566666666666667e-05
84,2000,CPY,53542399,53544361,3.633333333333333e-05
85,2000,CPY,55272473,55274393,3.555555555555555e-05
86,2000,CPY,57002634,57004513,3.47962962962963e-05
87,2000,CPY,58732981,58734873,3.5037037037037035e-05
88,2000,CPY,60462945,60464912,3.642592592592592e-05
89,2000,CPY,62193042,62194926,3.488888888888889e-05
90,2000,MOV,11783005,11784094,2.0166666666666668e-05
91,2000,MOV,13441054,13442106,1.948148148148148e-05
92,2000,MOV,15099202,15100253,1.9462962962962965e-05
93,2000,MOV,16757350,16758426,1.9925925925925925e-05
94,2000,MOV,18415421,18416463,1.9296296296296295e-05
95,2000,MOV,20073569,20074595,1.9e-05
96,2000,MOV,21731638,21733024,2.5666666666666666e-05
97,2000,MOV,23389832,23390842,1.8703703703703704e-05
98,2000,MOV,25047916,25049007,2.0203703703703703e-05
99,2000,MOV,26706061,26707113,1.948148148148148e-05
100,2000,MOV,28364199,28365284,2.009259259259259e-05
101,2000,MOV,30022297,30023396,2.0351851851851853e-05
102,2000,MOV,31680347,31681447,2.037037037037037e-05
103,2000,MOV,33338543,33339570,1.9018518518518517e-05
104,2000,MOV,34996611,34997709,2.0333333333333334e-05
105,2000,MOV,36654725,36655861,2.1037037037037037e-05
106,2000,MOV,38312963,38314029,1.974074074074074e-05
107,2000,MOV,39971126,39972253,2.087037037037037e-05
108,2000,MOV,41629293,41630329,1.9185185185185186e-05
109,2000,MOV,43287383,43288489,2.048148148148148e-05
110,2000,MOV,44945483,44946618,2.1018518518518518e-05
111,2000,MOV,46603666,46604752,2.011111111111111e-05
112,2000,MOV,48261708,48262713,1.861111111111111e-05
113,2000,MOV,49919837,49920891,1.951851851851852e-05
114,2000,MOV,51577953,51578902,1.7574074074074075e-05
115,2000,MOV,53236016,53237276,2.3333333333333332e-05
116,2000,MOV,54894121,54895252,2.0944444444444445e-05
117,2000,MOV,56552272,56553313,1.927777777777778e-05
118,2000,MOV,58210354,58211350,1.8444444444444445e-05
119,2000,MOV,59868490,59869596,2.048148148148148e-05
120,4000,CPY,11997725,12000798,5.690740740740741e-05
121,4000,CPY,13727801,13730462,4.927777777777778e-05
122,4000,CPY,15458013,15460792,5.146296296296296e-05
123,4000,CPY,17188212,17190867,4.9166666666666665e-05
124,4000,CPY,18918333,18920998,4.935185185185185e-05
125,4000,CPY,20648464,20651119,4.9166666666666665e-05
126,4000,CPY,22378633,22381541,5.385185185185185e-05
127,4000,CPY,24108826,24111541,5.027777777777778e-05
128,4000,CPY,25838920,25841743,5.227777777777778e-05
129,4000,CPY,27569004,27571754,5.092592592592592e-05
130,4000,CPY,29299205,29301862,4.92037037037037e-05
131,4000,CPY,31029312,31032051,5.0722222222222225e-05
132,4000,CPY,32759423,32762151,5.051851851851852e-05
133,4000,CPY,34489595,34492300,5.009259259259259e-05
134,4000,CPY,36219700,36222399,4.998148148148148e-05
135,4000,CPY,37949778,37952472,4.988888888888889e-05
136,4000,CPY,39679822,39682557,5.064814814814815e-05
137,4000,CPY,41410040,41412775,5.064814814814815e-05
138,4000,CPY,43140138,43142907,5.127777777777778e-05
139,4000,CPY,44870191,44872975,5.1555555555555556e-05
140,4000,CPY,46600410,46603163,5.098148148148148e-05
141,4000,CPY,48330513,48333287,5.137037037037037e-05
142,4000,CPY,50060662,50063412,5.092592592592592e-05
143,4000,CPY,51790912,51793600,4.977777777777778e-05
144,4000,CPY,53521062,53523824,5.1148148148148147e-05
145,4000,CPY,55251247,55254033,5.1592592592592594e-05
146,4000,CPY,56981385,56984017,4.874074074074074e-05
147,4000,CPY,58711821,58714530,5.016666666666667e-05
148,4000,CPY,60441810,60444672,5.3e-05
149,4000,CPY,62171954,62174662,5.014814814814815e-05
150,4000,MOV,11784520,11785581,1.9648148148148147e-05
151,4000,MOV,13442676,13443739,1.9685185185185185e-05
152,4000,MOV,15100769,15101848,1.9981481481481482e-05
153,4000,MOV,16758937,16759996,1.961111111111111e-05
154,4000,MOV,18417191,18418258,1.975925925925926e-05
155,4000,MOV,20075201,20076236,1.9166666666666667e-05
156,4000,MOV,21733390,21734802,2.614814814814815e-05
157,4000,MOV,23391571,23392632,1.9648148148148147e-05
158,4000,MOV,25049696,25050787,2.0203703703703703e-05
159,4000,MOV,26707891,26709039,2.1259259259259258e-05
160,4000,MOV,28366117,28367165,1.9407407407407407e-05
161,4000,MOV,30024205,30025300,2.0277777777777776e-05
162,4000,MOV,31682399,31683480,2.0018518518518517e-05
163,4000,MOV,33340429,33341522,2.024074074074074e-05
164,4000,MOV,34998660,34999661,1.8537037037037037e-05
165,4000,MOV,36656711,36657777,1.974074074074074e-05
166,4000,MOV,38314768,38316073,2.4166666666666667e-05
167,4000,MOV,39972883,39974003,2.074074074074074e-05
168,4000,MOV,41630960,41632029,1.9796296296296297e-05
169,4000,MOV,43289072,43290186,2.0629629629629628e-05
170,4000,MOV,44947269,44948343,1.988888888888889e-05
171,4000,MOV,46605324,46606391,1.975925925925926e-05
172,4000,MOV,48263378,48264503,2.0833333333333333e-05
173,4000,MOV,49921558,49922634,1.9925925925925925e-05
174,4000,MOV,51579596,51580701,2.0462962962962962e-05
175,4000,MOV,53237751,53238872,2.075925925925926e-05
176,4000,MOV,54895902,54897017,2.0648148148148147e-05
177,4000,MOV,56554192,56555257,1.9722222222222224e-05
178,4000,MOV,58212370,58213407,1.9203703703703702e-05
179,4000,MOV,59870564,59871634,1.9814814814814816e-05
180,8000,CPY,12000257,12004534,7.92037037037037e-05
181,8000,CPY,13730410,13734603,7.764814814814815e-05
182,8000,CPY,15460491,15465390,9.072222222222222e-05
183,8000,CPY,17190641,17194931,7.944444444444444e-05
184,8000,CPY,18920754,18925087,8.024074074074074e-05
185,8000,CPY,20650877,20655112,7.842592592592592e-05
186,8000,CPY,22381007,22385633,8.566666666666667e-05
187,8000,CPY,24111207,24115445,7.848148148148148e-05
188,8000,CPY,25841285,25845607,8.003703703703703e-05
189,8000,CPY,27571376,27575540,7.711111111111112e-05
190,8000,CPY,29301447,29305735,7.94074074074074e-05
191,8000,CPY,31031576,31035873,7.957407407407407e-05
192,8000,CPY,32761638,32765923,7.935185185185185e-05
193,8000,CPY,34491697,34496049,8.05925925925926e-05
194,8000,CPY,36221881,36226158,7.92037037037037e-05
195,8000,CPY,37952068,37956373,7.972222222222223e-05
196,8000,CPY,39682170,39686421,7.872222222222223e-05
197,8000,CPY,41412393,41416789,8.140740740740741e-05
198,8000,CPY,43142489,43146844,8.064814814814815e-05
199,8000,CPY,44872626,44876944,7.996296296296297e-05
200,8000,CPY,46602769,46607140,8.094444444444444e-05
201,8000,CPY,48332944,48337291,8.05e-05
202,8000,CPY,50063035,50067320,7.935185185185185e-05
203,8000,CPY,51793149,51797482,8.024074074074074e-05
204,8000,CPY,53523270,53527560,7.944444444444444e-05
205,8000,CPY,55253549,55257815,7.9e-05
206,8000,CPY,56983670,56988214,8.414814814814815e-05
207,8000,CPY,58713763,58718093,8.018518518518519e-05
208,8000,CPY,60444009,60448369,8.074074074074073e-05
209,8000,CPY,62174078,62178475,8.142592592592593e-05
210,8000,MOV,12028768,12029842,1.988888888888889e-05
211,8000,MOV,13758887,13759964,1.9944444444444444e-05
212,8000,MOV,15489009,15490080,1.9833333333333332e-05
213,8000,MOV,17219126,17220203,1.9944444444444444e-05
214,8000,MOV,18949228,18950286,1.9592592592592592e-05
215,8000,MOV,20679449,20680440,1.8351851851851852e-05
216,8000,MOV,22409518,22410828,2.425925925925926e-05
217,8000,MOV,24139627,24140679,1.948148148148148e-05
218,8000,MOV,25869710,25870796,2.011111111111111e-05
219,8000,MOV,27599761,27600779,1.885185185185185e-05
220,8000,MOV,29329966,29331039,1.987037037037037e-05
221,8000,MOV,31060126,31061292,2.1592592592592594e-05
222,8000,MOV,32790242,32791348,2.048148148148148e-05
223,8000,MOV,34520393,34521516,2.0796296296296298e-05
224,8000,MOV,36250568,36251656,2.014814814814815e-05
225,8000,MOV,37980632,37981714,2.0037037037037037e-05
226,8000,MOV,39711040,39712066,1.9e-05
227,8000,MOV,41441032,41442214,2.1888888888888887e-05
228,8000,MOV,43171199,43172313,2.0629629629629628e-05
229,8000,MOV,44901075,44902162,2.012962962962963e-05
230,8000,MOV,46631422,46632519,2.0314814814814815e-05
231,8000,MOV,48361486,48362563,1.9944444444444444e-05
232,8000,MOV,50091619,50092752,2.0981481481481483e-05
233,8000,MOV,51821733,51822814,2.0018518518518517e-05
234,8000,MOV,53551801,53552886,2.009259259259259e-05
235,8000,MOV,55281880,55282946,1.974074074074074e-05
236,8000,MOV,57011972,57013305,2.4685185185185185e-05
237,8000,MOV,58742135,58743282,2.1240740740740742e-05
238,8000,MOV,60472333,60473409,1.9925925925925925e-05
239,8000,MOV,62202504,62203631,2.087037037037037e-05
240,16000,CPY,11804594,11812146,0.00013985185185185186
241,16000,CPY,13462715,13470173,0.00013811111111111112
242,16000,CPY,15120898,15128435,0.00013957407407407408
243,16000,CPY,16779045,16786493,0.00013792592592592592
244,16000,CPY,18437150,18444646,0.0001388148148148148
245,16000,CPY,20095334,20102668,0.00013581481481481482
246,16000,CPY,21753386,21761210,0.0001448888888888889
247,16000,CPY,23411598,23419135,0.00013957407407407408
248,16000,CPY,25069697,25076889,0.00013318518518518519
249,16000,CPY,26727764,26734976,0.00013355555555555554
250,16000,CPY,28385839,28393105,0.00013455555555555557
251,16000,CPY,30043881,30051261,0.00013666666666666666
252,16000,CPY,31702028,31709160,0.0001320740740740741
253,16000,CPY,33360229,33367604,0.00013657407407407406
254,16000,CPY,35018316,35025664,0.00013607407407407408
255,16000,CPY,36676416,36683709,0.00013505555555555555
256,16000,CPY,38334531,38342147,0.00014103703703703704
257,16000,CPY,39992629,40000030,0.00013705555555555555
258,16000,CPY,41650638,41658104,0.00013825925925925925
259,16000,CPY,43308887,43316186,0.00013516666666666665
260,16000,CPY,44966937,44974496,0.0001399814814814815
261,16000,CPY,46625090,46632787,0.00014253703703703705
262,16000,CPY,48283255,48290802,0.00013975925925925926
263,16000,CPY,49941313,49949180,0.0001456851851851852
264,16000,CPY,51599508,51606985,0.00013846296296296295
265,16000,CPY,53257570,53265301,0.00014316666666666666
266,16000,CPY,54915707,54923353,0.0001415925925925926
267,16000,CPY,56573951,56581771,0.00014481481481481482
268,16000,CPY,58232019,58239812,0.0001443148148148148
269,16000,CPY,59890134,59897834,0.0001425925925925926
270,16000,MOV,11840208,11841274,1.974074074074074e-05
271,16000,MOV,13498253,13499366,2.0611111111111112e-05
272,16000,MOV,15156538,15157658,2.074074074074074e-05
273,16000,MOV,16814674,16815790,2.0666666666666666e-05
274,16000,MOV,18472829,18473888,1.961111111111111e-05
275,16000,MOV,20130871,20131942,1.9833333333333332e-05
276,16000,MOV,21788972,21790289,2.4388888888888887e-05
277,16000,MOV,23447073,23448193,2.074074074074074e-05
278,16000,MOV,25105193,25106303,2.0555555555555555e-05
279,16000,MOV,26763301,26764387,2.011111111111111e-05
280,16000,MOV,28421406,28422563,2.1425925925925927e-05
281,16000,MOV,30079455,30080586,2.0944444444444445e-05
282,16000,MOV,31737626,31738725,2.0351851851851853e-05
283,16000,MOV,33395703,33396775,1.985185185185185e-05
284,16000,MOV,35053795,35054893,2.0333333333333334e-05
285,16000,MOV,36711806,36712934,2.088888888888889e-05
286,16000,MOV,38369991,38371058,1.975925925925926e-05
287,16000,MOV,40028127,40029189,1.9666666666666666e-05
288,16000,MOV,41686402,41687513,2.0574074074074074e-05
289,16000,MOV,43344511,43345558,1.9388888888888888e-05
290,16000,MOV,45002027,45003108,2.0018518518518517e-05
291,16000,MOV,46660733,46661828,2.0277777777777776e-05
292,16000,MOV,48318807,48319933,2.0851851851851852e-05
293,16000,MOV,49976965,49978080,2.0648148148148147e-05
294,16000,MOV,51635203,51636292,2.0166666666666668e-05
295,16000,MOV,53292666,53293779,2.0611111111111112e-05
296,16000,MOV,54951423,54952509,2.011111111111111e-05
297,16000,MOV,56609741,56610831,2.0185185185185184e-05
298,16000,MOV,58267683,58268751,1.9777777777777778e-05
299,16000,MOV,59925865,59926962,2.0314814814814815e-05
300,32000,CPY,11858131,11879874,0.0004026481481481481
301,32000,CPY,13516308,13533247,0.0003136851851851852
302,32000,CPY,15174480,15189218,0.0002729259259259259
303,32000,CPY,16832621,16847519,0.0002758888888888889
304,32000,CPY,18490772,18505366,0.00027025925925925926
305,32000,CPY,20149020,20164061,0.00027853703703703705
306,32000,CPY,21807036,21830528,0.00043503703703703705
307,32000,CPY,23465369,23479879,0.0002687037037037037
308,32000,CPY,25123436,25144391,0.00038805555555555555
309,32000,CPY,26781579,26795956,0.0002662407407407407
310,32000,CPY,28439704,28460232,0.0003801481481481482
311,32000,CPY,30097789,30112978,0.00028127777777777775
312,32000,CPY,31755958,31769821,0.0002567222222222222
313,32000,CPY,33414135,33434430,0.0003758333333333333
314,32000,CPY,35072163,35086930,0.000273462962962963
315,32000,CPY,36730409,36746062,0.00028987037037037035
316,32000,CPY,38388592,38402996,0.00026674074074074073
317,32000,CPY,40046653,40060378,0.00025416666666666665
318,32000,CPY,41704875,41721404,0.0003060925925925926
319,32000,CPY,43363015,43376204,0.0002442407407407407
320,32000,CPY,45021053,45045114,0.0004455740740740741
321,32000,CPY,46679093,46699872,0.0003847962962962963
322,32000,CPY,48337352,48351839,0.00026827777777777776
323,32000,CPY,49995607,50011076,0.000286462962962963
324,32000,CPY,51653600,51667318,0.00025403703703703705
325,32000,CPY,53311735,53325737,0.0002592962962962963
326,32000,CPY,54969845,54985856,0.0002965
327,32000,CPY,56628076,56643023,0.0002767962962962963
328,32000,CPY,58286231,58309364,0.0004283888888888889
329,32000,CPY,59944437,59960178,0.0002915
330,32000,MOV,11906599,11907685,2.011111111111111e-05
331,32000,MOV,13564799,13565843,1.9333333333333333e-05
332,32000,MOV,15222902,15224010,2.051851851851852e-05
333,32000,MOV,16881133,16882200,1.975925925925926e-05
334,32000,MOV,18539250,18540328,1.9962962962962963e-05
335,32000,MOV,20197532,20198602,1.9814814814814816e-05
336,32000,MOV,21855593,21857060,2.7166666666666665e-05
337,32000,MOV,23513692,23514825,2.0981481481481483e-05
338,32000,MOV,25171902,25173051,2.1277777777777777e-05
339,32000,MOV,26830164,26831285,2.075925925925926e-05
340,32000,MOV,28488344,28489469,2.0833333333333333e-05
341,32000,MOV,30146455,30147631,2.177777777777778e-05
342,32000,MOV,31804679,31805751,1.985185185185185e-05
343,32000,MOV,33462834,33463988,2.137037037037037e-05
344,32000,MOV,35120933,35122030,2.0314814814814815e-05
345,32000,MOV,36779052,36780212,2.148148148148148e-05
346,32000,MOV,38437252,38438370,2.0703703703703705e-05
347,32000,MOV,40095553,40096634,2.0018518518518517e-05
348,32000,MOV,41753768,41754850,2.0037037037037037e-05
349,32000,MOV,43410725,43411870,2.1203703703703703e-05
350,32000,MOV,45069944,45071078,2.1e-05
351,32000,MOV,46728186,46729342,2.1407407407407408e-05
352,32000,MOV,48386415,48387488,1.987037037037037e-05
353,32000,MOV,50044610,50045731,2.075925925925926e-05
354,32000,MOV,51702810,51703952,2.114814814814815e-05
355,32000,MOV,53361160,53362250,2.0185185185185184e-05
356,32000,MOV,55019302,55020376,1.988888888888889e-05
357,32000,MOV,56677698,56678735,1.9203703703703702e-05
358,32000,MOV,58335695,58336833,2.1074074074074076e-05
359,32000,MOV,59993854,59994954,2.037037037037037e-05
360,64000,CPY,12100276,12132217,0.0005915
361,64000,CPY,13830588,13861408,0.0005707407407407407
362,64000,CPY,15563015,15618617,0.0010296666666666666
363,64000,CPY,17290861,17323954,0.0006128333333333333
364,64000,CPY,19021013,19052243,0.0005783333333333334
365,64000,CPY,20751159,20782185,0.0005745555555555556
366,64000,CPY,22483676,22539835,0.0010399814814814816
367,64000,CPY,24211759,24262176,0.0009336481481481482
368,64000,CPY,25941913,25994033,0.0009651851851851851
369,64000,CPY,27672015,27724885,0.000979074074074074
370,64000,CPY,29402141,29435491,0.0006175925925925925
371,64000,CPY,31132258,31166269,0.0006298333333333334
372,64000,CPY,32862496,32895680,0.0006145185185185185
373,64000,CPY,34592677,34646290,0.0009928333333333334
374,64000,CPY,36322875,36353047,0.0005587407407407407
375,64000,CPY,38052941,38081731,0.0005331481481481482
376,64000,CPY,39783146,39836279,0.0009839444444444444
377,64000,CPY,41513468,41564902,0.0009524814814814815
378,64000,CPY,43246016,43296946,0.0009431481481481481
379,64000,CPY,44973769,45004734,0.0005734259259259259
380,64000,CPY,46703906,46756680,0.0009772962962962962
381,64000,CPY,48434027,48465361,0.0005802592592592593
382,64000,CPY,50164250,50194504,0.0005602592592592593
383,64000,CPY,51894388,51945352,0.0009437777777777778
384,64000,CPY,53624593,53673089,0.000898074074074074
385,64000,CPY,55357202,55405589,0.0008960555555555555
386,64000,CPY,57087389,57135242,0.0008861666666666666
387,64000,CPY,58815559,58863736,0.0008921666666666667
388,64000,CPY,60545487,60576403,0.0005725185185185185
389,64000,CPY,62275567,62329756,0.0010035
390,64000,MOV,12083987,12085072,2.009259259259259e-05
391,64000,MOV,13814080,13815168,2.014814814814815e-05
392,64000,MOV,15544084,15545189,2.0462962962962962e-05
393,64000,MOV,17274191,17275304,2.0611111111111112e-05
394,64000,MOV,19004325,19005385,1.962962962962963e-05
395,64000,MOV,20734478,20735529,1.9462962962962965e-05
396,64000,MOV,22464540,22465859,2.4425925925925926e-05
397,64000,MOV,24194790,24195885,2.0277777777777776e-05
398,64000,MOV,25924927,25926047,2.074074074074074e-05
399,64000,MOV,27654981,27656153,2.1703703703703702e-05
400,64000,MOV,29385102,29386232,2.0925925925925925e-05
401,64000,MOV,31115275,31116424,2.1277777777777777e-05
402,64000,MOV,32845353,32846483,2.0925925925925925e-05
403,64000,MOV,34575583,34576659,1.9925925925925925e-05
404,64000,MOV,36305728,36306790,1.9666666666666666e-05
405,64000,MOV,38035931,38037074,2.1166666666666665e-05
406,64000,MOV,39765928,39767040,2.0592592592592593e-05
407,64000,MOV,41496298,41497393,2.0277777777777776e-05
408,64000,MOV,43226239,43227348,2.053703703703704e-05
409,64000,MOV,44956404,44957467,1.9685185185185185e-05
410,64000,MOV,46686542,46687564,1.8925925925925928e-05
411,64000,MOV,48414140,48415205,1.9722222222222224e-05
412,64000,MOV,50146684,50147774,2.0185185185185184e-05
413,64000,MOV,51876716,51877801,2.009259259259259e-05
414,64000,MOV,53606776,53607834,1.9592592592592592e-05
415,64000,MOV,55336887,55338028,2.112962962962963e-05
416,64000,MOV,57066934,57068038,2.0444444444444446e-05
417,64000,MOV,58797499,58798512,1.8759259259259258e-05
418,64000,MOV,60527399,60528502,2.0425925925925927e-05
419,64000,MOV,62257488,62258542,1.951851851851852e-05
420,128000,CPY,12204504,12298157,0.0017343148148148148
421,128000,CPY,13934921,14033622,0.0018277962962962963
422,128000,CPY,15665271,15758499,0.0017264444444444445
423,128000,CPY,17426151,17522942,0.0017924259259259258
424,128000,CPY,19125903,19222080,0.0017810555555555555
425,128000,CPY,20886725,20983390,0.0017900925925925927
426,128000,CPY,22586303,22683010,0.0017908703703703704
427,128000,CPY,24316622,24413588,0.0017956666666666668
428,128000,CPY,26046886,26144146,0.0018011111111111112
429,128000,CPY,27777075,27876829,0.0018472962962962963
430,128000,CPY,29507376,29604234,0.0017936666666666667
431,128000,CPY,31237449,31329524,0.0017050925925925927
432,128000,CPY,32967618,33062296,0.0017532962962962962
433,128000,CPY,34697856,34789869,0.0017039444444444443
434,128000,CPY,36427957,36519000,0.0016859814814814814
435,128000,CPY,38158218,38249377,0.0016881296296296297
436,128000,CPY,39888515,39983627,0.0017613333333333333
437,128000,CPY,41618991,41716701,0.0018094444444444445
438,128000,CPY,43349194,43445884,0.0017905555555555557
439,128000,CPY,45110014,45207304,0.0018016666666666667
440,128000,CPY,46840200,46940648,0.001860148148148148
441,128000,CPY,48539858,48638070,0.0018187407407407408
442,128000,CPY,50270102,50371734,0.001882074074074074
443,128000,CPY,52000320,52098185,0.0018123148148148148
444,128000,CPY,53761062,53857840,0.0017921851851851853
445,128000,CPY,55460716,55556940,0.001781925925925926
446,128000,CPY,57190869,57286183,0.001765074074074074
447,128000,CPY,58952088,59048790,0.0017907777777777779
448,128000,CPY,60682208,60778559,0.0017842777777777779
449,128000,CPY,62381919,62479028,0.0017983148148148149
450,128000,MOV,11943982,11945087,2.0462962962962962e-05
451,128000,MOV,13602138,13603253,2.0648148148148147e-05
452,128000,MOV,15260222,15261363,2.112962962962963e-05
453,128000,MOV,16918512,16919623,2.0574074074074074e-05
454,128000,MOV,18576548,18577679,2.0944444444444445e-05
455,128000,MOV,20234701,20235768,1.975925925925926e-05
456,128000,MOV,21892861,21894192,2.464814814814815e-05
457,128000,MOV,23550898,23552015,2.0685185185185186e-05
458,128000,MOV,25209064,25210219,2.138888888888889e-05
459,128000,MOV,26867165,26868248,2.0055555555555556e-05
460,128000,MOV,28525227,28526310,2.0055555555555556e-05
461,128000,MOV,30183498,30184623,2.0833333333333333e-05
462,128000,MOV,31841546,31842676,2.0925925925925925e-05
463,128000,MOV,33499739,33500876,2.1055555555555556e-05
464,128000,MOV,35157877,35159004,2.087037037037037e-05
465,128000,MOV,36815861,36816958,2.0314814814814815e-05
466,128000,MOV,38473952,38475386,2.6555555555555555e-05
467,128000,MOV,40132096,40133237,2.112962962962963e-05
468,128000,MOV,41790267,41791378,2.0574074074074074e-05
469,128000,MOV,43448256,43449367,2.0574074074074074e-05
470,128000,MOV,45106300,45107413,2.0611111111111112e-05
471,128000,MOV,46764552,46765686,2.1e-05
472,128000,MOV,48422753,48423873,2.074074074074074e-05
473,128000,MOV,50080723,50081852,2.0907407407407406e-05
474,128000,MOV,51738886,51740001,2.0648148148148147e-05
475,128000,MOV,53397065,53398196,2.0944444444444445e-05
476,128000,MOV,55055262,55056345,2.0055555555555556e-05
477,128000,MOV,56713455,56714503,1.9407407407407407e-05
478,128000,MOV,58371658,58372706,1.9407407407407407e-05
479,128000,MOV,60029723,60030806,2.0055555555555556e-05
480,256000,CPY,12139623,12307804,0.003114462962962963
481,256000,CPY,13798002,13965751,0.0031064629629629628
482,256000,CPY,15466224,15634720,0.0031202962962962964
483,256000,CPY,17114594,17281891,0.0030980925925925924
484,256000,CPY,18772802,18941295,0.0031202407407407407
485,256000,CPY,20431266,20600406,0.0031322222222222224
486,256000,CPY,22089661,22257540,0.0031088703703703703
487,256000,CPY,23747812,23918205,0.003155425925925926
488,256000,CPY,25405931,25575413,0.0031385555555555555
489,256000,CPY,27064108,27230209,0.0030759444444444445
490,256000,CPY,28722198,28879613,0.0029150925925925924
491,256000,CPY,30380550,30531329,0.002792203703703704
492,256000,CPY,32038762,32190336,0.002806925925925926
493,256000,CPY,33696967,33849709,0.0028285555555555555
494,256000,CPY,35355226,35509342,0.002854
495,256000,CPY,37013460,37168926,0.002879
496,256000,CPY,38671822,38822614,0.0027924444444444446
497,256000,CPY,40330106,40496463,0.003080685185185185
498,256000,CPY,41988402,42156020,0.003104037037037037
499,256000,CPY,43646590,43814422,0.003108
500,256000,CPY,45304857,45475114,0.0031529074074074072
501,256000,CPY,46963179,47133212,0.003148759259259259
502,256000,CPY,48621580,48789215,0.003104351851851852
503,256000,CPY,50279785,50445051,0.0030604814814814813
504,256000,CPY,51938041,52104214,0.0030772777777777777
505,256000,CPY,53596368,53760702,0.0030432222222222223
506,256000,CPY,55254588,55426797,0.0031890555555555557
507,256000,CPY,56913200,57080913,0.003105796296296296
508,256000,CPY,58571391,58737996,0.003085277777777778
509,256000,CPY,60229654,60397399,0.003106388888888889
510,256000,MOV,12142316,12143411,2.0277777777777776e-05
511,256000,MOV,13800299,13801394,2.0277777777777776e-05
512,256000,MOV,15458519,15459608,2.0166666666666668e-05
513,256000,MOV,17116667,17117768,2.038888888888889e-05
514,256000,MOV,18774848,18775904,1.9555555555555554e-05
515,256000,MOV,20423618,20424672,1.951851851851852e-05
516,256000,MOV,22090948,22092264,2.437037037037037e-05
517,256000,MOV,23749087,23750196,2.053703703703704e-05
518,256000,MOV,25407240,25408389,2.1277777777777777e-05
519,256000,MOV,27065355,27066490,2.1018518518518518e-05
520,256000,MOV,28723439,28724564,2.0833333333333333e-05
521,256000,MOV,30381557,30382627,1.9814814814814816e-05
522,256000,MOV,32039506,32040634,2.088888888888889e-05
523,256000,MOV,33697545,33698696,2.1314814814814815e-05
524,256000,MOV,35355705,35356815,2.0555555555555555e-05
525,256000,MOV,37013759,37014854,2.0277777777777776e-05
526,256000,MOV,38671864,38672983,2.072222222222222e-05
527,256000,MOV,40329997,40331043,1.9370370370370372e-05
528,256000,MOV,41988260,41989391,2.0944444444444445e-05
529,256000,MOV,43646287,43647398,2.0574074074074074e-05
530,256000,MOV,45304434,45305583,2.1277777777777777e-05
531,256000,MOV,46962409,46963462,1.95e-05
532,256000,MOV,48620642,48621681,1.924074074074074e-05
533,256000,MOV,50278725,50279834,2.053703703703704e-05
534,256000,MOV,51936768,51937848,2e-05
535,256000,MOV,53594808,53595892,2.0074074074074075e-05
536,256000,MOV,55252940,55254046,2.048148148148148e-05
537,256000,MOV,56911192,56912251,1.961111111111111e-05
538,256000,MOV,58559871,58560949,1.9962962962962963e-05
539,256000,MOV,60227260,60228305,1.9351851851851853e-05
